LinkedIn;Profile Name;Post Text;Post URL
https://www.linkedin.com/in/ishika-rawat-464259260/recent-activity/all/;Ishika Rawat;"Looking for Remote Work Opportunities in 2025?

Here's a curated list of 20 top websites offering remote jobs with USD payouts:

1. Jobspresso (jobspresso.co)
2. Virtual Vocations (virtualvocations.com)
3. Stack Overflow Jobs (stackoverflow.com)
4. We Work Remotely (weworkremotely.com)
5. Toptal (toptal.com)
6. Skip The Drive (skipthedrive.com)
7. NoDesk (nodesk.co)
8. RemoteHabits (remotehabits.com)
9. Remotive (remotive.com)
10. Remote4Me (remote4me.com)
11. Pangian (pangian.com)
12. Remote.co (remote.co)
13. FlexJobs (flexjobs.com)
14. Remote OK (remoteok.com)
15. AngelList (angel.co)
16. SimplyHired (simplyhired.com)
17. Working Nomads (workingnomads.com)
18. Freelancer (freelancer.com)
19. Upwork (upwork.com)
20. LinkedIn (linkedin.com)

ğŸ“SAVE & REPOST FOR LATER

ğ‚ğ¨ğ®ğ«ğ¬ğğ¬ ğ²ğ¨ğ® ğ°ğ¢ğ¥ğ¥ ğ«ğğ ğ«ğğ­ ğ§ğ¨ğ­ ğ­ğšğ¤ğ¢ğ§ğ  ğ¢ğ§ ğŸğŸğŸğŸ“.

ğŸ”¥7000+ CoursesAccess: https://lnkd.in/gMTEDK_w

1. Getting Started with Data Analytics on AWS
ğŸ”—https://lnkd.in/gTPe6UCd

2. Hands-on Machine Learning with AWS and NVIDIA
ğŸ”—https://lnkd.in/g53kN9yQ

3. Introduction to Machine Learning on AWS
ğŸ”—https://lnkd.in/gfu2dnWk

4. AWS Fundamentals Specialization
ğŸ”—https://lnkd.in/gFQ75XnC

5. AWS Cloud Technical Essentials
ğŸ”—https://lnkd.in/gvrzqxKZ

6. AWS Cloud Solutions Architect
ğŸ”—https://lnkd.in/gwUKrArH

7. Architecture Solutions on AWS
ğŸ”—https://lnkd.in/gTmTvE_H

8. AWS Fundamentals: Migrating to the Cloud
ğŸ”—https://lnkd.in/g3EHCjKJ

9. AWS Cloud Practitioner Essentials
ğŸ”—https://lnkd.in/gAPEeb_B

10. Exam Prep: AWS Certified Cloud Practitioner Foundations
ğŸ”—https://lnkd.in/gtXnwkcx

11. DevOps on AWS: Operate and Monitor
ğŸ”—https://lnkd.in/gdCSkJS4

12. DevOps on AWS
ğŸ”—https://lnkd.in/g96zHMAJ

13. Introduction Generative to Al
ğŸ”—https://lnkd.in/gZ8Beasi

14. Generative AI with Large Language Models
ğŸ”—https://lnkd.in/gMBfhhSK

15. Generative Adversarial Networks (GANs)
ğŸ”—https://lnkd.in/gx-t2ZNY

16. Introduction to Artificial Intelligence (AI)
ğŸ”—https://lnkd.in/gTyCxjrR

17. Generative AI Primer
ğŸ”—https://lnkd.in/gg2XsACb

18. Natural Language Processing
ğŸ”—https://lnkd.in/g3gFm2Pb

19. Deep Learning
ğŸ”—https://lnkd.in/gjPYnxhR

20. Generative AI for Data Scientists
ğŸ”—https://lnkd.in/gnKrsF98

21. IBM Data Science
ğŸ”—https://lnkd.in/dYxYiVMr

22. Excel for Business
ğŸ”—https://lnkd.in/e8sE6TiZ

23. Machine Learning
ğŸ”—https://lnkd.in/eJai37xf

24. Data Visualization
ğŸ”—https://lnkd.in/dFQ6dACh

25. PowerBI
ğŸ”—https://lnkd.in/dzmUC926

ğŸ”µ Join telegram for Jobs/Notes: https://lnkd.in/gi52pppv

Follow for more such contentâ¤ï¸

 
Ñ…ĞµÑˆÑ‚ĞµĞ³
#linkedinlearning 
Ñ…ĞµÑˆÑ‚ĞµĞ³
#ai 
Ñ…ĞµÑˆÑ‚ĞµĞ³
#ibmcertification 
Ñ…ĞµÑˆÑ‚ĞµĞ³
#aws 
Ñ…ĞµÑˆÑ‚ĞµĞ³
#generatieveai 
Ñ…ĞµÑˆÑ‚ĞµĞ³
#datascience 
Ñ…ĞµÑˆÑ‚ĞµĞ³
#dataanalytics 
Ñ…ĞµÑˆÑ‚ĞµĞ³
#dataanalysis";https://www.linkedin.com/posts/ishika-rawat-464259260_linkedinlearning-ai-ibmcertification-activity-7293998437014847488-FaoD?utm_source=share&utm_medium=member_desktop
https://www.linkedin.com/in/ishika-rawat-464259260/recent-activity/all/;Ishika Rawat;"Looking for Remote Work Opportunities in 2025?

Here's a curated list of 20 top websites offering remote jobs with USD payouts:

1. Jobspresso (jobspresso.co)
2. Virtual Vocations (virtualvocations.com)
3. Stack Overflow Jobs (stackoverflow.com)
4. We Work Remotely (weworkremotely.com)
5. Toptal (toptal.com)
6. Skip The Drive (skipthedrive.com)
7. NoDesk (nodesk.co)
8. RemoteHabits (remotehabits.com)
9. Remotive (remotive.com)
10. Remote4Me (remote4me.com)
11. Pangian (pangian.com)
12. Remote.co (remote.co)
13. FlexJobs (flexjobs.com)
14. Remote OK (remoteok.com)
15. AngelList (angel.co)
16. SimplyHired (simplyhired.com)
17. Working Nomads (workingnomads.com)
18. Freelancer (freelancer.com)
19. Upwork (upwork.com)
20. LinkedIn (linkedin.com)

ğŸ“SAVE & REPOST FOR LATER

ğ‚ğ¨ğ®ğ«ğ¬ğğ¬ ğ²ğ¨ğ® ğ°ğ¢ğ¥ğ¥ ğ«ğğ ğ«ğğ­ ğ§ğ¨ğ­ ğ­ğšğ¤ğ¢ğ§ğ  ğ¢ğ§ ğŸğŸğŸğŸ“.

ğŸ”¥7000+ CoursesAccess: https://lnkd.in/gMTEDK_w

1. Getting Started with Data Analytics on AWS
ğŸ”—https://lnkd.in/gTPe6UCd

2. Hands-on Machine Learning with AWS and NVIDIA
ğŸ”—https://lnkd.in/g53kN9yQ

3. Introduction to Machine Learning on AWS
ğŸ”—https://lnkd.in/gfu2dnWk

4. AWS Fundamentals Specialization
ğŸ”—https://lnkd.in/gFQ75XnC

5. AWS Cloud Technical Essentials
ğŸ”—https://lnkd.in/gvrzqxKZ

6. AWS Cloud Solutions Architect
ğŸ”—https://lnkd.in/gwUKrArH

7. Architecture Solutions on AWS
ğŸ”—https://lnkd.in/gTmTvE_H

8. AWS Fundamentals: Migrating to the Cloud
ğŸ”—https://lnkd.in/g3EHCjKJ

9. AWS Cloud Practitioner Essentials
ğŸ”—https://lnkd.in/gAPEeb_B

10. Exam Prep: AWS Certified Cloud Practitioner Foundations
ğŸ”—https://lnkd.in/gtXnwkcx

11. DevOps on AWS: Operate and Monitor
ğŸ”—https://lnkd.in/gdCSkJS4

12. DevOps on AWS
ğŸ”—https://lnkd.in/g96zHMAJ

13. Introduction Generative to Al
ğŸ”—https://lnkd.in/gZ8Beasi

14. Generative AI with Large Language Models
ğŸ”—https://lnkd.in/gMBfhhSK

15. Generative Adversarial Networks (GANs)
ğŸ”—https://lnkd.in/gx-t2ZNY

16. Introduction to Artificial Intelligence (AI)
ğŸ”—https://lnkd.in/gTyCxjrR

17. Generative AI Primer
ğŸ”—https://lnkd.in/gg2XsACb

18. Natural Language Processing
ğŸ”—https://lnkd.in/g3gFm2Pb

19. Deep Learning
ğŸ”—https://lnkd.in/gjPYnxhR

20. Generative AI for Data Scientists
ğŸ”—https://lnkd.in/gnKrsF98

21. IBM Data Science
ğŸ”—https://lnkd.in/dYxYiVMr

22. Excel for Business
ğŸ”—https://lnkd.in/e8sE6TiZ

23. Machine Learning
ğŸ”—https://lnkd.in/eJai37xf

24. Data Visualization
ğŸ”—https://lnkd.in/dFQ6dACh

25. PowerBI
ğŸ”—https://lnkd.in/dzmUC926

ğŸ”µ Join telegram for Jobs/Notes: https://lnkd.in/gi52pppv

Follow for more such contentâ¤ï¸

 
Ñ…ĞµÑˆÑ‚ĞµĞ³
#linkedinlearning 
Ñ…ĞµÑˆÑ‚ĞµĞ³
#ai 
Ñ…ĞµÑˆÑ‚ĞµĞ³
#ibmcertification 
Ñ…ĞµÑˆÑ‚ĞµĞ³
#aws 
Ñ…ĞµÑˆÑ‚ĞµĞ³
#generatieveai 
Ñ…ĞµÑˆÑ‚ĞµĞ³
#datascience 
Ñ…ĞµÑˆÑ‚ĞµĞ³
#dataanalytics 
Ñ…ĞµÑˆÑ‚ĞµĞ³
#dataanalysis";https://www.linkedin.com/posts/ishika-rawat-464259260_linkedinlearning-ai-ibmcertification-activity-7293998437014847488-FaoD?utm_source=share&utm_medium=member_desktop
https://www.linkedin.com/in/ishika-rawat-464259260/recent-activity/all/;Harish kumarğŸ˜Š;"Here are 50 sites that pays in USD for remote jobs in 2025.

ğŸš€ Kindly 
Ñ…ĞµÑˆÑ‚ĞµĞ³
#reshare Your Jobseeker friends it is more Useful Especially 
Ñ…ĞµÑˆÑ‚ĞµĞ³
#womens ğŸ’¯

ğŸš€Explore these Other Amazing Websites for remote Jobs to step up ğŸªœ

Here are 50 sites that pays in USD for remote jobs in 2025.
 
1. FlexJobs (flexjobs.com)

2. Remote.co (remote.co)

3. We Work Remotely (weworkremotely.com)

4. RemoteOK (remoteok.com)

5. AngelList (angel.co)

6. LinkedIn (linkedin.com)

7. Upwork (upwork.com)

8. Freelancer (freelancer.com)

9. Working Nomads (workingnomads.com)

10. SimplyHired (simplyhired.com)

11. Jobspresso (jobspresso.co)

12. Virtual Vocations (virtualvocations.com)

13. Stack Overflow Jobs (stackoverflow.com/jobs)

14. Outsourcely (outsourcely.com)

15. Toptal (toptal.com)

16. Skip The Drive (skipthechive.com)

17. NoDesk (nodesk.co)

18. RemoteHabits (remotehabits.com)

19. Remotive (remotive.com)

20. Remote4Me (remote4me.com)

2. Pangian (pangian.com)

22. Remotees (remotees.com)

23. Europe Remotely (europeremotely.com)

24. Remote OK Europe (remoteok.io/europe)

25. Remote of Asia (remoteok.io/asia)

26. PowerToFly (powertofly.com)

27. Remote Woman (remotewoman.com)

28. RemoteHub (remotehub.io)

29. Remote Work Hub (remoteworkhub.com)

30. Remote Jobs Club (remotejobsclub.com)

31. CloudPeeps (cloudpeeps.com)

32. WordPress Jobs (jobs.wordpress.net)

33. Jobs in Pods(Jobsinpods.com)

34. Simply Communicate Jobs (simply- communicate.com/jobs)

35. Virtual Assistant Jobs (virtualassistantjobs.com)

36. OutsourcingJobs.ph (outsourcingjobs.ph)

37. Remotive (remotive.io)

38. Jobmote (jobmote.com)

39. RemoteBaba (remotebaba.com)

40. Idealist (idealist.org) - Use the ""Remote"" filter

41. RemoteJobr (remotejobr.com)

42. Jobscribe (jobscribe.com)

43. Remote Hunt (remotehunt.com)

44. Outsourcing Insight (outsourcinginsight.com)

45. GoRemote (goremote.io)

46. Dynamite Jobs (dynamitejobs.co)

47. The Muse (themuse.com) - Use the ""Remote"" filter

48. Awesome Jobs (awesomejobs.io)

49. TechJobs (techjobs.com) - Use the ""Remote"" filter

50. Laravel Jobs (jobs.laravel.io)

All the best ğŸ‘ 


What is your favourite? Tell me in comments it is useful for someone 


âœ… Follow Harish kumarğŸ˜Š more valuable Stuff 

âœ…ATS resume and Remote jobs ğŸ‘‡

https://t.me/Hariskumar0



Ñ…ĞµÑˆÑ‚ĞµĞ³
#remotejobs 
Ñ…ĞµÑˆÑ‚ĞµĞ³
#Atsresume";https://www.linkedin.com/posts/harish-kumar-sh_reshare-womens-remotejobs-activity-7293941008742916096-SqUp?utm_source=share&utm_medium=member_desktop
https://www.linkedin.com/in/ishika-rawat-464259260/recent-activity/all/;Ishika Rawat;"This resume can score a high ATS score of over 95

I used this for many of my client's resumes and achieved great results.

Here's a quick guide to help you craft an ATS-friendly resume that stands out!

Repost this post.

Like & Share.

âœ”Tips for Writing an ATS-Friendly Resume:

Use Standard Headings:

Stick to common headings like ""Work Experience,"" ""Education,"" and ""Skills.""

Keep Formatting Simple:

Avoid complex layouts, tables, and graphics that might confuse ATS.

Incorporate Keywords:

Use job-specific keywords from the job description to ensure your resume matches the job requirements.

Use a Professional Font:

Stick to fonts like Arial, Times New Roman, or Calibri to ensure readability.

Tailor Each Resume:

Customize your resume for each job application to match the specific job requirements.

Bonus AlertğŸ 

ğ‚ğ¨ğ®ğ«ğ¬ğğ¬ ğ²ğ¨ğ® ğ°ğ¢ğ¥ğ¥ ğ«ğğ ğ«ğğ­ ğ§ğ¨ğ­ ğ­ğšğ¤ğ¢ğ§ğ  ğ¢ğ§ ğŸğŸğŸğŸ“.

ğŸ”¥7000+ Courses Access: https://lnkd.in/gMTEDK_w

1. Introduction Generative to Al
https://lnkd.in/gZ8Beasi

2. Generative AI with Large Language Models
https://lnkd.in/gMBfhhSK

3. Generative Adversarial Networks Specialization
https://lnkd.in/gx-t2ZNY

4. Introduction to Artificial Intelligence
https://lnkd.in/gTyCxjrR

5. Generative AI Primer
https://lnkd.in/gg2XsACb

6. Natural Language Processing Specialization
https://lnkd.in/g3gFm2Pb

7. Deep Learning Specialization
https://lnkd.in/gjPYnxhR

8. Generative AI for Data Scientists Specialization
https://lnkd.in/gnKrsF98

9. IBM Data Science Professional Certificate
https://lnkd.in/dYxYiVMr

10. Machine Learning
https://lnkd.in/eJai37xf

11. Databases and SQL for Data Science with Python
https://lnkd.in/dc-Jr9yr

12. Excel for Business
https://lnkd.in/e8sE6TiZ

13. Python for Everybody
https://lnkd.in/eP_v4jZF

14. R
https://lnkd.in/dfqcBj6w

15. PowerBI
https://lnkd.in/dzmUC926

16. Mathematics
https://lnkd.in/dGJE4XZa

17. Tableau
https://lnkd.in/dBf_Bj9n

18. Excel and PowerBI
https://lnkd.in/dB5qZkc3

19. Probability
https://lnkd.in/dFNJw6gG

20. Statistics for Data Science with Python
https://lnkd.in/dmTJHP5w

21. Linear Algebra
https://lnkd.in/dsBc7tNV

22. Data Visualization
https://lnkd.in/dFQ6dACh

23. Data Science Fundamentals with Python & SQL
https://lnkd.in/diWAHqm2

24. Excel Skills for Data Analytics and Visualization
https://lnkd.in/dWSr4V88

25. IBM Data Analytics with Excel & R
https://lnkd.in/dAVRyeE6

26. Excel: Pivot Tables
https://lnkd.in/g2kwpbRj

27. Excel: Introduction to Spreadsheets
https://lnkd.in/gw7ieEh8

28. Excel Skills for Business Advanced
https://lnkd.in/g4acBG4R

29. Create a budget with Microsoft Excel
https://lnkd.in/gqhqvaxV

ğŸ”µ Join telegram for regular Jobs/Notes: https://lnkd.in/gi52pppv

Follow for more such contentâ¤ï¸


Ñ…ĞµÑˆÑ‚ĞµĞ³
#ai 
Ñ…ĞµÑˆÑ‚ĞµĞ³
#coursera 
Ñ…ĞµÑˆÑ‚ĞµĞ³
#datascience 
Ñ…ĞµÑˆÑ‚ĞµĞ³
#jobseeker 
Ñ…ĞµÑˆÑ‚ĞµĞ³
#course 
Ñ…ĞµÑˆÑ‚ĞµĞ³
#resume";https://www.linkedin.com/posts/ishika-rawat-464259260_ai-coursera-datascience-activity-7293099149221052416--AN5?utm_source=share&utm_medium=member_desktop
https://www.linkedin.com/in/ishika-rawat-464259260/recent-activity/all/;Ishika Rawat;"Stop creating Resumes using MS Word!

Traditional methods will not help you to get your dream job.

Here are 7 Resume writing tools that will help you to get your dream job.

1) ResumeGenius :- It provides all the resources you need to go from job application to job offer.
https://resumegenius.com

2) Resume.io :- It uses Al to analyze your resume and provide suggestions on how to improve it.
https://resume.io

3) EnhanceCV:- Build a winning Enhancv resume in minutes! Professional templates approved by recruiters.
https://enhancv.com

4) Rezi :- It uses Al to help you write a better CV. It offers features like a keyword scanner, ATS optimization, and customizable templates to make your CV stand out.
https://www.rezi.ai/

5) Zety: It is an Al-powered CV builder that helps you create a professional-looking CV in minutes.
https://zety.com

6) CV Compiler :- It is an Al-powered tool that compares your CV with the job description and provides personalized feedback on how to improve it.
https://cvcompiler.com/

7) Visual CV:- It is an Al-powered platform that helps you create a professional-looking CV.
https://www.visualcv.com/

Add more tools in the comments so that other people will get benefits of it.

Bonus AlertğŸ

ğ‚ğ¨ğ®ğ«ğ¬ğğ¬ ğ²ğ¨ğ® ğ°ğ¢ğ¥ğ¥ ğ«ğğ ğ«ğğ­ ğ§ğ¨ğ­ ğ­ğšğ¤ğ¢ğ§ğ  ğ¢ğ§ ğŸğŸğŸğŸ“.

ğŸ”¥7000+ CoursesAccess: https://lnkd.in/gMTEDK_w

ğŸ‘‰Introduction Generative to Al
https://lnkd.in/gZ8Beasi
ğŸ‘‰Generative AI with Large Language Models
https://lnkd.in/gMBfhhSK
ğŸ‘‰Generative Adversarial Networks
https://lnkd.in/gx-t2ZNY
ğŸ‘‰Introduction to Artificial Intelligence
https://lnkd.in/gTyCxjrR
ğŸ‘‰Generative AI Primer
https://lnkd.in/gg2XsACb
ğŸ‘‰Natural Language Processing
https://lnkd.in/g3gFm2Pb
ğŸ‘‰Deep Learning
https://lnkd.in/gjPYnxhR
ğŸ‘‰Generative AI for Data Scientists
https://lnkd.in/gnKrsF98
ğŸ‘‰IBM Data Science Professional Certificate
https://lnkd.in/dYxYiVMr
ğŸ‘‰Introduction to Data Science
https://lnkd.in/epEcjCHJ
ğŸ‘‰Google Project Management
https://lnkd.in/exTz9Bwq
ğŸ‘‰Agile Project Management
https://lnkd.in/ec95NRgn
ğŸ‘‰Project Execution: Running the Project
https://lnkd.in/emf_Dqj5
ğŸ‘‰Project Initiation: Starting a Successful Project
https://lnkd.in/e3Z8fUxJ
ğŸ‘‰Project Planning: Putting It All Together
https://lnkd.in/eJDSPKDN
ğŸ‘‰Google Data Analytics
https://lnkd.in/dr9uhU9B
ğŸ‘‰Google IT Support
https://lnkd.in/dDzrk-a9
ğŸ‘‰Foundations of Cybersecurity
https://lnkd.in/dZbUpFQ9
ğŸ‘‰Google UX Design
https://lnkd.in/dzmEXR4B
ğŸ‘‰Google Advanced Data Analytics
https://lnkd.in/d5nnPcp6
ğŸ‘‰Google IT Automation with Python
https://lnkd.in/d3Da_vHG
ğŸ‘‰IBM Data Analytics with Excel & R
https://lnkd.in/dAVRyeE6
ğŸ‘‰Excel to MySQL: Analytic Techniques for Business
https://lnkd.in/d5bvCYa5

ğŸ”µ Join telegram for Jobs/Notes: https://lnkd.in/gi52pppv

Follow for more such contentâ¤ï¸


Ñ…ĞµÑˆÑ‚ĞµĞ³
#ai 
Ñ…ĞµÑˆÑ‚ĞµĞ³
#googlecertification 
Ñ…ĞµÑˆÑ‚ĞµĞ³
#ibmcertification 
Ñ…ĞµÑˆÑ‚ĞµĞ³
#sql";https://www.linkedin.com/posts/ishika-rawat-464259260_ai-googlecertification-ibmcertification-activity-7293674260584087552-BwCS?utm_source=share&utm_medium=member_desktop
https://www.linkedin.com/in/rinor-restelica/recent-activity/all/;Rinor Restelica;"ğŸ¤¯ This Guy Taught AI How to Read Handwriting...Back in 1993!

Back in 1993, a 32-year-old researcher at AT&T Bell Labs did something incredible. 

He built the first CNN (Convolutional Neural Network) that could actually understand handwritten numbers. Think about that for a second. Handwriting is messy, variable, and complex. Teaching a computer to decipher it was a huge leap.

This breakthrough, called LeNet, wasn't just some lab experiment. It actually got used by banks to process millions of checks. It took something that seemed like science fiction and made it an everyday reality.

It's amazing to think how far AI has come since then. 

But this story reminds us that even the biggest advancements often start with one person, one idea, and a lot of hard work. 

It makes you wonder what seemingly impossible things are being worked on right now that we'll take for granted in the future.

What everyday task would you want AI to take on next?

Follow for more Rinor Restelica";https://www.linkedin.com/posts/rinor-restelica_this-guy-taught-ai-how-to-read-handwriting-activity-7294018163757711362-dMfW?utm_source=share&utm_medium=member_desktop
https://www.linkedin.com/in/rinor-restelica/recent-activity/all/;Rinor Restelica;"Reid Hoffman LinkedInâ€™s Founder, Shows Why Leaders Need to Stay Grounded

Reid Hoffman, just dropped a masterclass in this video.

Hereâ€™s why itâ€™s worth your time: 

â€¢Approachable Leadership
Reidâ€™s simplicity and relatability stand out. No pretense, no ego - just a genuine conversation about the future. Itâ€™s a reminder that great leaders donâ€™t need to be distant or intimidating. 

â€¢AI Insights
Reid is deeply invested in understanding how AI will reshape business and society. 

A few key takeaways from the video: 
 
- AI will act as a â€œco-pilotâ€ for professionals, enhancing creativity and decision-making.
- Itâ€™s not about replacing humans but â€œamplifying human potentialâ€ - think of it as a tool to solve problems faster and smarter. 
- The risks are real, but so are the opportunities. We need to design AI systems that â€œkeep humanity connectedâ€, not isolated. 

â€¢Staying Ahead of Trends
Reidâ€™s ability to stay updated with the latest trends, from AI to social media, is a lesson for all leaders. He doesnâ€™t just talk about the future - heâ€™s actively shaping it. 

His approach is a blueprint for modern leadership - grounded, forward-thinking, and deeply human. 

Leaders, take note. 

Follow for more Rinor Restelica 

Credits: TikTok/@TedZhar";https://www.linkedin.com/posts/rinor-restelica_reid-hoffman-linkedins-founder-shows-why-activity-7293613193346580480-8WrT?utm_source=share&utm_medium=member_desktop
https://www.linkedin.com/in/rinor-restelica/recent-activity/all/;Rinor Restelica;"This Robotic Foot Is a Masterpiece of Robotics & Engineering.

The SoftFoot Pro, a prosthetic foot, It works without motors, just pure engineering genius, copying how a real foot moves.

Here's why it's so special:

1/ It has a built-in mechanism that stores and releases energy, just like our feet do.

2/ It adapts to uneven ground, something regular prosthetics struggle with.

3/ It's lightweight but super strong, supporting up to 100kg.

4/ It's basically AI, but in its purest form, not software, but smart design.

This is biomimicry at its finest. We're learning from nature to build tech that moves and balances just like us. It's a foot designed for humans, but also for the future of robots.

What other human abilities do you think technology should try to copy next?

Follow for more Rinor Restelica 


Ñ…ĞµÑˆÑ‚ĞµĞ³
#robotics 
Ñ…ĞµÑˆÑ‚ĞµĞ³
#technology 
Ñ…ĞµÑˆÑ‚ĞµĞ³
#innovation";https://www.linkedin.com/posts/rinor-restelica_robotics-technology-innovation-activity-7293256335461089280-rOxx?utm_source=share&utm_medium=member_desktop
https://www.linkedin.com/in/rinor-restelica/recent-activity/all/;Rinor Restelica;"Robots Are Now Copying EVERYTHING We Do.

Just saw this robot perfectly mimicking Cristiano Ronaldo.

Like, exactly how he celebrates. It's wild.

These aren't just clunky machines anymore. They're learning from us, adapting, and getting incredibly smooth and coordinated.

It makes you think about the future. Where is this technology going? 
Will robots be able to do anything we can do? Maybe even better?

It's a little mind-blowing, and honestly, a little bit exciting. The possibilities are endless.

Follow for more Rinor Restelica 


Ñ…ĞµÑˆÑ‚ĞµĞ³
#robotics 
Ñ…ĞµÑˆÑ‚ĞµĞ³
#AI 
Ñ…ĞµÑˆÑ‚ĞµĞ³
#technology";https://www.linkedin.com/posts/rinor-restelica_robotics-ai-technology-activity-7292890915944222720-q6YA?utm_source=share&utm_medium=member_desktop
https://www.linkedin.com/in/rinor-restelica/recent-activity/all/;Rinor Restelica;"The Power of Appreciation

It's Not Always About Money.

In today's world, we often focus on the material, on bonuses and raises. But the most valuable currency is often the simplest: genuine appreciation.

People don't leave jobs, they leave environments where they feel unseen and undervalued.

When you make people feel appreciated, you're not just boosting their morale, you're building loyalty, enhancing productivity, and creating a culture of success.

It's not about grand gestures. It's about the small, consistent efforts to make people feel valued and heard.

So, take a moment today to think about the people in your life - your team, your family, your friends. 

Who can you show appreciation for today?

Follow for more Rinor Restelica";https://www.linkedin.com/posts/rinor-restelica_the-power-of-appreciation-its-not-always-activity-7292536231098212354-XXmw?utm_source=share&utm_medium=member_desktop
https://www.linkedin.com/in/paul-storm-560360254/recent-activity/all/;Paul Storm;"Excited to share some new AI Free courses I found super useful. 

They're great for anyone looking to get smarter about AI this year. Check them out:

 1. AI Essentials - lnkd.in/dyEt4DGt
 2. ChatGPT Mastery - lnkd.in/eiRtk-6q
 3. Google AI Magic - lnkd.in/eBQXfBe9
 4. Harvard AI Introduction - lnkd.in/eu4mZaAG
 5. Microsoft AI Basics - lnkd.in/eYNWzXUX
 6. Prompt Engineering Pro - lnkd.in/eNi_YNSe
 7. Google's Ethical AI - lnkd.in/eTrwSU89
 8. Machine Learning by Harvard - lnkd.in/eX28syMJ
 9. Language Models by LangChain - lnkd.in/evZVJbNy
10. Bing Chat Applications - lnkd.in/ejN-qrVy
11. Generative AI by Microsoft - lnkd.in/dqjnzcCD
12. Amazon's AI Strategy - lnkd.in/dFhmsvZC
13. AI for Everyone - lnkd.in/eFx7zCz7
14. AWS AI Foundations - lnkd.in/dEjN9PRm


â€”â€”â€”â€”â€”â€”

Need to learn ChatGPT ? 

No idea where to start and whatâ€™s the benefit? 

Get my Bestseller Bundle â€œUltimate ChatGPT guide and Promptsâ€ now and Start learning ChatGPT 

Use it in your job, your daily life and make sure you are prepared for the future. 

You only need one hour to learn it! 

Master AI / ChatGPT Bestseller books 

ğŸ”— https://lnkd.in/d8GKtUSK 

â€”â€”â€”â€”â€”â€” 

â™»ï¸ Repost this to help others in your network.
And follow Paul Storm for more!

ğ—œğ—³ ğ˜†ğ—¼ğ˜‚ ğ—¹ğ—¶ğ—¸ğ—²ğ—± ğ˜ğ—µğ—¶ğ˜€, ğ—·ğ—¼ğ—¶ğ—» ğ—ºğ˜† ğ—™ğ—¥ğ—˜ğ—˜ ğ—”ğ—œ ğ—»ğ—²ğ˜„ğ˜€ğ—¹ğ—²ğ˜ğ˜ğ—²ğ—¿ ğ˜ğ—µğ—®ğ˜ ğ—µğ—²ğ—¹ğ—½ğ˜€ >ğŸ®ğŸ´ğŸ¬.ğŸ¬ğŸ¬ğŸ¬ ğ—¿ğ—²ğ—®ğ—±ğ—²ğ—¿ğ˜€ ğ—®ğ˜ ğ—°ğ—¼ğ—ºğ—½ğ—®ğ—»ğ—¶ğ—²ğ˜€ ğ—¹ğ—¶ğ—¸ğ—² ğ—”ğ—½ğ—½ğ—¹ğ—², ğ—šğ—¼ğ—¼ğ—´ğ—¹ğ—² ğ—®ğ—»ğ—± ğ— ğ—¶ğ—°ğ—¿ğ—¼ğ˜€ğ—¼ğ—³ğ˜ ğ—´ğ—²ğ˜ ğ˜€ğ—ºğ—®ğ—¿ğ˜ ğ—®ğ—¯ğ—¼ğ˜‚ğ˜ ğ—”ğ—œ & ğ˜ğ—²ğ—°ğ—µ: 

ğŸ”— https://lnkd.in/eFNvmcYa";https://www.linkedin.com/posts/paul-storm_excited-to-share-some-new-ai-free-courses-activity-7293991981721018368-E_3y?utm_source=share&utm_medium=member_desktop
https://www.linkedin.com/in/paul-storm-560360254/recent-activity/all/;Paul Storm;">> ğ“ğ¡ğ ğŸğ®ğ­ğ®ğ«ğ ğ¨ğŸ ğ­ğğ¥ğğœğ¨ğ¦ ğ¢ğ¬ğ§â€™ğ­ ğšğ›ğ¨ğ®ğ­ ğ¬ğ©ğğğâ€”ğ¢ğ­â€™ğ¬ ğšğ›ğ¨ğ®ğ­ ğ­ğ«ğ®ğ¬ğ­, ğ­ğšğ¥ğğ§ğ­, ğšğ§ğ ğ­ğ«ğšğ§ğ¬ğŸğ¨ğ«ğ¦ğšğ­ğ¢ğ¨ğ§.

2025 is here, and the telecom industry faces its toughest challenges yet. 

EYâ€™s Top 10 Risks for Telecommunications 2025 highlights a new reality: faster networks alone wonâ€™t save telcosâ€”itâ€™s how they navigate trust, talent, and transformation that will define their future.

Hereâ€™s what stands out:

ğŸ“Œ ğ“ğ«ğ®ğ¬ğ­ ğ¢ğ¬ ğŸğ«ğšğ ğ¢ğ¥ğ. 66% of customers want telcos to explain how they use AI, and cyberattacks like DDoS are targeting the sector more than any other. Security isnâ€™t just an IT issueâ€”itâ€™s a trust imperative.

ğŸ“Œ ğ“ğ¡ğ ğ­ğšğ¥ğğ§ğ­ ğ ğšğ© ğ¢ğ¬ ğ°ğ¢ğğğ§ğ¢ğ§ğ . While 73% of leaders prioritize hiring and reskilling, 85% of employees say HR needs an overhaul. The industry must redefine how it attracts, retains, and inspires talent in an increasingly digital world.

ğŸ“Œ ğ“ğ«ğšğ§ğ¬ğŸğ¨ğ«ğ¦ğšğ­ğ¢ğ¨ğ§ ğ¢ğ¬ ğ¦ğšğ¤ğ-ğ¨ğ«-ğ›ğ«ğğšğ¤. AI could double efficiency within five years, but legacy systems and poorly aligned KPIs threaten to derail progress. Telcos need a roadmap that balances innovation with execution.

The question isnâ€™t whether telcos will face these challengesâ€”itâ€™s whether theyâ€™ll adapt fast enough to overcome them.

ğŸ”— ğ†ğğ­ ğ…ğ®ğ¥ğ¥ ğ«ğğ©ğ¨ğ«ğ­ ğ¡ğğ«ğ: https://bit.ly/4aLuJcZ

ğ–ğ¡ğšğ­ ğğ¨ ğ²ğ¨ğ® ğ­ğ¡ğ¢ğ§ğ¤? 

Are telcos ready to rebuild trust, reskill talent, and redefine themselvesâ€”or are we underestimating the uphill battle ahead? 

Letâ€™s discuss. 

----
ğŸ‘‰ Love my content?

â˜‘ Follow me on LinkedIn: Paul Storm

ğŸ‘‰ Found this helpful? Share it! â™»ï¸


Ñ…ĞµÑˆÑ‚ĞµĞ³
#Telecom 
Ñ…ĞµÑˆÑ‚ĞµĞ³
#AI 
Ñ…ĞµÑˆÑ‚ĞµĞ³
#DigitalTransformation 
Ñ…ĞµÑˆÑ‚ĞµĞ³
#Leadership 
Ñ…ĞµÑˆÑ‚ĞµĞ³
#FutureOfWork";https://www.linkedin.com/posts/paul-storm_telecom-ai-digitaltransformation-activity-7293629601858125824-rkLE?utm_source=share&utm_medium=member_desktop
https://www.linkedin.com/in/paul-storm-560360254/recent-activity/all/;Paul Storm;"Is it the end of PowerPoint?

No more wasting time with design work and tutorials.

Here are 9 AI websites that can generate presentations in 60 seconds!

[Save Now]


1. Gamma is an AI chatbot that can create presentations through chat or text import.

ğŸ”— Gamma. app


2. SlideSpeak.
Create presentations from text.

ğŸ”— SlideSpeak. co


3. Tome: AI chatbot for creating presentations with numerous integrations, like Figma.

ğŸ”— tome. app


4. Slides AI.
Google Slides add-on for AI generates presentations from text.

ğŸ”— slidesai. io


5. Dectopus AI is the world's leading AI-powered presentation generator.

ğŸ”— Decktopus. com


6. Beautiful AI.
Set your work up for success. This is all completed in minutes.

ğŸ”— Beautiful. AI



7. AI ChatGPT for Presentations. Beautiful Decks Created Effortlessly. AI-powered ideation and deck creation.

ğŸ”— Presentations. AI


8. Pitch is a quick and effective tool for your team to produce and distribute visually appealing presentations.

ğŸ”— Pitch. com


9. DeckRobot AI can develop hundreds of PowerPoint decks in seconds, not hours.

ğŸ”— Deckrobot. com


â€”â€”â€”â€”â€”â€”

Need to learn ChatGPT ? 

No idea where to start and whatâ€™s the benefit? 

Get my Bestseller Bundle â€œUltimate ChatGPT guide and Promptsâ€ now and Start learning ChatGPT 

Use it in your job, your daily life and make sure you are prepared for the future. 

You only need one hour to learn it! 

Master AI / ChatGPT Bestseller books 

ğŸ”— https://lnkd.in/d8GKtUSK 

â€”â€”â€”â€”â€”â€” 

â™»ï¸ Repost this to help others in your network.
And follow Paul Storm for more!

ğ—œğ—³ ğ˜†ğ—¼ğ˜‚ ğ—¹ğ—¶ğ—¸ğ—²ğ—± ğ˜ğ—µğ—¶ğ˜€, ğ—·ğ—¼ğ—¶ğ—» ğ——ğ—¶ğ—´ğ—¶ğ˜ğ—®ğ—¹ğ—¦ğ˜ğ—¼ğ—¿ğ—ºğ—ªğ—²ğ—²ğ—¸ğ—¹ğ˜† - ğ—ºğ˜† ğ—»ğ—²ğ˜„ğ˜€ğ—¹ğ—²ğ˜ğ˜ğ—²ğ—¿ ğ˜ğ—µğ—®ğ˜ ğ—µğ—²ğ—¹ğ—½ğ˜€ ğ˜ğ—µğ—¼ğ˜‚ğ˜€ğ—®ğ—»ğ—±ğ˜€ ğ—¼ğ—³ ğ—¿ğ—²ğ—®ğ—±ğ—²ğ—¿ğ˜€ ğ—®ğ˜ ğ—°ğ—¼ğ—ºğ—½ğ—®ğ—»ğ—¶ğ—²ğ˜€ ğ—¹ğ—¶ğ—¸ğ—² ğ—”ğ—½ğ—½ğ—¹ğ—², ğ—šğ—¼ğ—¼ğ—´ğ—¹ğ—² ğ—®ğ—»ğ—± ğ— ğ—¶ğ—°ğ—¿ğ—¼ğ˜€ğ—¼ğ—³ğ˜ ğ—´ğ—²ğ˜ ğ˜€ğ—ºğ—®ğ—¿ğ˜ ğ—®ğ—¯ğ—¼ğ˜‚ğ˜ ğ—”ğ—œ & ğ˜ğ—²ğ—°ğ—µ:https://lnkd.in/dh_sCAzw? 


Ñ…ĞµÑˆÑ‚ĞµĞ³
#ai 
Ñ…ĞµÑˆÑ‚ĞµĞ³
#digitaltransformation 
Ñ…ĞµÑˆÑ‚ĞµĞ³
#technology 
Ñ…ĞµÑˆÑ‚ĞµĞ³
#future";https://www.linkedin.com/posts/paul-storm_ai-digitaltransformation-technology-activity-7293267194648403970-PsS-?utm_source=share&utm_medium=member_desktop
https://www.linkedin.com/in/paul-storm-560360254/recent-activity/all/;Paul Storm;">> Elon Musk: ""This newsletter feels like having a direct line to the future of AI. Honestly, itâ€™s like a cheat code for life.""

Master AI before it masters youâ€”just like Elon says.

ğ—ğ—¢ğ—œğ—¡ 450,000+ ğ—£ğ—¥ğ—¢ğ—™ğ—˜ğ—¦ğ—¦ğ—œğ—¢ğ—¡ğ—”ğ—Ÿğ—¦!

Get Exclusive Insights & FREE AI Resources trusted by leaders at Google, Siemens, Meta, Amazon, PwC, KPMG, McKinsey & more!

ğ—ªğ—µğ—®ğ˜'ğ˜€ ğ—¶ğ—» ğ˜ğ—µğ—¶ğ˜€ ğ˜„ğ—²ğ—²ğ—¸?

ğŸ‘‰ Top 5 Topics from DIGITAL STORM Weekly AI Newsletter:

ğŸ“Œ OpenAI vs. DeepSeek: OpenAI accuses DeepSeek of using its research, sparking investigations by Microsoft and U.S. officials over AI security risks.

ğŸ“Œ AI Dominates Super Bowl Ads: AI companies are spending $8M per ad spot, marking a major shift in advertising, while Hollywood pulls back.

ğŸ“Œ Retailâ€™s AI Boom: Businesses plan to increase AI spending by 52%, with 31% of employees needing AI-related skills this year.

ğŸ“Œ ChatGPT in Schools: 26% of U.S. teens use ChatGPT for schoolwork, raising concerns about AIâ€™s role in education and academic integrity.

ğŸ“Œ Alibabaâ€™s AI Power Play: Alibabaâ€™s Qwen2.5-Max beats competitors in AI benchmarks, forcing price cuts and intensifying the AI race. 


â— Want This Newsletter 2 DAYS EARLIER??? â—

Join Here: ğŸ”— https://lnkd.in/e27J6RjF

Same great content, but with:
-Better reader experience
-Exclusive chatroom access
-Premium edition perks: 100+ eBooks, Prompt Guides, & more FREE resources!

â™» REPOST and inspire your network!


Ñ…ĞµÑˆÑ‚ĞµĞ³
#AI 
Ñ…ĞµÑˆÑ‚ĞµĞ³
#DigitalTransformation 
Ñ…ĞµÑˆÑ‚ĞµĞ³
#Technology 
Ñ…ĞµÑˆÑ‚ĞµĞ³
#Future 
Ñ…ĞµÑˆÑ‚ĞµĞ³
#Productivity 
Ñ…ĞµÑˆÑ‚ĞµĞ³
#FreeTools 

Ñ…ĞµÑˆÑ‚ĞµĞ³
#BoostYourBusiness";https://www.linkedin.com/posts/paul-storm_ai-digitaltransformation-technology-activity-7293055799633833985-nci6?utm_source=share&utm_medium=member_desktop
https://www.linkedin.com/in/paul-storm-560360254/recent-activity/all/;Paul Storm;">> ğ’ğ­ğ«ğ®ğ ğ ğ¥ğ¢ğ§ğ  ğ­ğ¨ ğ†ğğ­ ğ€ğˆ ğ‘ğğ¬ğ®ğ¥ğ­ğ¬? 

ğ˜ğ¨ğ®â€™ğ«ğ ğğ¨ğ­ ğ€ğ¥ğ¨ğ§ğ.

42% of companies fail with AIâ€”not because it doesnâ€™t work, but because they lack strategy, integration, and the right approach.

ğŸ’¡ Marx Enterprise Transformation Architecture removes the guesswork with:

âœ… Hands-on AI Proofs of Concept

âœ… Seamless system integration

âœ… A clear strategy for real business value

Whether you want to automate workflows, enhance customer experiences, or make smarter decisionsâ€”they make AI work for you.

ğŸ“¥ ğƒğ¨ğ°ğ§ğ¥ğ¨ğšğ ğ­ğ¡ğ ğŸğ«ğğ ğ ğ®ğ¢ğğ & ğ¬ğ­ğšğ² ğšğ¡ğğšğ ğ¨ğŸ ğ­ğ¡ğ ğœğ¨ğ¦ğ©ğğ­ğ¢ğ­ğ¢ğ¨ğ§!

ğŸ”— https://lnkd.in/eA2XYQPF

----
ğŸ‘‰ Found this helpful? Share it! â™»ï¸

ğŸ‘‰ Love my content?

â˜‘ Follow me on LinkedIn: Paul Storm


Ñ…ĞµÑˆÑ‚ĞµĞ³
#AI 
Ñ…ĞµÑˆÑ‚ĞµĞ³
#DigitalTransformation 
Ñ…ĞµÑˆÑ‚ĞµĞ³
#Innovation 
Ñ…ĞµÑˆÑ‚ĞµĞ³
#BusinessGrowth";https://www.linkedin.com/posts/paul-storm_ai-digitaltransformation-innovation-activity-7292904818858196994-yffX?utm_source=share&utm_medium=member_desktop
https://www.linkedin.com/in/andrewamann/recent-activity/all/;Andrew Amann;"You are all using Deep Research Wrong. 

Its not a tool to be used to ""generate a report"" for you to publish something online - or to create thought provoking LinkedIn Articles for other humans to read.

ChatGPT Deep research is an INPUT to a process.

If i wanted to acquire a Marketing Agency as an additional service for NineTwoThree (We did this in 2023) then I would ask Deep Research to be an INPUT to my decision.

- I would ask it to go research previous acquisitions. What size were those companies, what benefits did they see?
- I would craft a second prompt to go research the current market and what type of marketing agencies succeed in 2025.
- I would craft yet another prompt to analyze my financials, compare that to industry standards, and understand my P&L and our ratios.
- I would craft YET ANOTHER prompt to go into details with our current clients, their sentiment on our projects, how long we keep them etc.

Then, I'd summarize each result into a report, create a project in ChatGPT and ask just regular old ChatGPT o1 to have a conversation with me about the decision.

And thinking this further - I probably would have done this entire thing in Gemini and AI Studio and kept everything inside of Google Drive nice and secure and safe.

That's what you should be using Deep Research for - not LinkedIn articles.";https://www.linkedin.com/posts/andrewamann_you-are-all-using-deep-research-wrong-activity-7293645953125765121-w0d2?utm_source=share&utm_medium=member_desktop
https://www.linkedin.com/in/andrewamann/recent-activity/all/;Andrew Amann;"One of the biggest misconceptions of working with an AI agency is that we donâ€™t ever want to end the engagement. But that is not the case at NineTwoThree AI Studio. 

We LOVE helping clients maintain our AI solutions on their own after we launch them.

(Keep in mind weâ€™ve created dozens of successful, profitable enterprise AI products)

Think about it. Weâ€™re taking projects from idea to production. If our clients are considering hiring an in-house team, it means that:
- The project was a success
- The product has traction and users
- The client has faith they can take it to the next level

Thatâ€™s a complete win in my book. 

Thatâ€™s why we help train the engineers and product folks of our clients on the AI Solutions we built them. Weâ€™ve even done workshops, training and knowledge transfer sessions. And we manage the whole timeline.

As with all of our contracts, our clients own the code we develop. And now, they have a perfectly capable in-house team to build on top of their already profitable project.

Thatâ€™s a real partnership. 

Our interests are in making you successful, not in getting another 12-month contract.

Iâ€™m proud of our approach.";https://www.linkedin.com/posts/andrewamann_one-of-the-biggest-misconceptions-of-working-activity-7293308795663912962-7gzi?utm_source=share&utm_medium=member_desktop
https://www.linkedin.com/in/andrewamann/recent-activity/all/;Brandon Pizzacalla;"For the past couple of months we've been heads-down building an AI content platform at Contently, and it's been way harder than I thought.

You'd think, ""AI writes copy, so building a platform around it should be easy, right?"" 

Wrong. 

It's way more complex than I imagined, especially when you're building for large enterprises.

Here's why: It's not just about generating text. That is obviously easy.

There's the LLMO (large language model optimization) aspect. We need to generate content that will get companies and products into LLMs and search results.

It's also about bank-grade security to protect sensitive data. Think secure approval workflows, because these companies need tight control over their messaging. 

And then there's the nuance of language.. accurately matching style and tone, avoiding specific words and phrases, ensuring everything stays on brand and in a specific writers voice. 

We even had to build a search-enabled fact-checking agent to make sure statements generated are true.

You can't have a national bank putting out content with false statements...

The entire thing is a series of interconnected AI agents that work together to write and iterate on a piece of content. 

So, it's not as simple as plugging into an AI API. 

We're carefully crafting a solution that empowers businesses to create high-quality content while maintaining complete control. 

Trying for the best of both worlds: AI-driven efficiency and enterprise-grade reliability. 

We even had to build this AI externally to our core platform, ensuring our customers' data is never unintentionally accessed by the AI.

So, while the journey has been slower than expected, I've also learned a ton. And I'm excited about our direction.

We're building something truly unique, something that will change the way enterprises create content.";https://www.linkedin.com/posts/bpizzacalla_for-the-past-couple-of-months-weve-been-activity-7292554246544130050-Glo0?utm_source=share&utm_medium=member_desktop
https://www.linkedin.com/in/andrewamann/recent-activity/all/;Andrew Amann;"What happens when humans arenâ€™t the most intelligent being on earth?

Letâ€™s go back a few hundred million years.

Imagine if a dinosaur got a hold of transformers and created DinoGPT.

This Dino used millions of Dino knowledge to predict what Dinos will say to each other when prompted. 

Would the result of this technology create the most intelligent species on earth? 

Sure - until Humans came along.

And we know that humans are way smarter than dinosaurs ever were.

Using this analogy as humans venture to create the next intelligent species, it becomes familiar to build the future based on human capabilities.. 

Inherently, we understand that this world is run by humansâ€¦so navigating our spaces like a human makes sense.

But what if thereâ€™s a better intelligence?

One that you or I cannot fathom - but is exponentially smarter than all of us humans. 

Maybe this intelligence understands gravity equations and quantum mechanics, or has discovered worm holes and what exists 20,000 feet under the sea.

What if the smartest intelligence is non-human?

It's something to think about, especially if your name is Sam. 

Because the race to AGI might just lead you to create another human that is, well, human.

There are a few companies that I met at CES that are building for different types of intelligence. 

And theyâ€™re starting to see signs of problem solving that are just not possible in our mathematical representation of the world.

For some reason, I have a feeling that the smartest AI will be non-human based. 

This earth went through 5 extinction events, and then left us humans to build our own replacementâ€¦it seems comedic.

I'm not arguing for either side - it's just an interesting thought experiment.";https://www.linkedin.com/posts/andrewamann_what-happens-when-humans-arent-the-most-activity-7291834077693788160-Hg69?utm_source=share&utm_medium=member_desktop
https://www.linkedin.com/in/andrewamann/recent-activity/all/;Andrew Amann;"The internet is in a weird spot right now. APIs were the gold standard for computers talking to computers. But now, things are changing.

Let me put it this way. Websites right now have three things they present to any application trying to access them:

Sitemap
A robots.txt file
API documentation

They all give instructions for web crawlers and interface crawlers to say â€œThis is how you interact with my data.â€

But new agentic approaches like ChatGPTâ€™s Operator are different. Itâ€™s a crawler trying to appear like a human. â€œHi, Iâ€™m Andrew Amann(â€˜s agent), please let me in.â€

So, if agents are supposed to represent humans, we have to figure out how agents talk to websites. Something like an agents.web file. In that file are specific instructions for AGENTS of what they can do on that website. Thatâ€™s the new API.

Any agent asking for information gets a set of instructions from the website that say â€œOkay, if youâ€™re acting as Andrew, hereâ€™s the information you can see, and what you can do.â€

Darmesh Shah thinks agents will self-identify. But I think websites will start serving our agents user-specific applets.

Letâ€™s take Uber as an example. Uberâ€™s business model depends on a human looking at the screen. Thatâ€™s where all those ads are, and all the calls-to-action to order food delivery when you get back from the bars. $145 billion worth of screen real estate.

So, how do they preserve their business model? Embrace agents. If I want to order an Uber through an AI agent, Iâ€™d get a verified applet tied to my deviceâ€™s MAC address, giving me multi-step processes (like a dinner reservation, ride-share, and babysitting) verified to my identity. 

And I see these applets, and click approve on each step. 

Thatâ€™s how I interact with an agentic future.";https://www.linkedin.com/posts/andrewamann_the-internet-is-in-a-weird-spot-right-now-activity-7291471686523080705-EWmN?utm_source=share&utm_medium=member_desktop
https://www.linkedin.com/in/lexfridman/recent-activity/all/;Lex Fridman;"Narendra Modi is one of the most fascinating human beings I have ever studied.

I can't wait to talk to him on podcast in a few weeks.

On top of the complex, deep history of India, and his role in it, just the human side of Modi is really interesting. For example, he has often done multi-day fasts (9+ days ğŸ¤¯) for spiritual reasons. I fast often as well. So I'll do a 48-72 hour fast once I arrive to India before talking to him. It's a good opportunity to meditate, and to reflect on how incredibly lucky I am to be alive, to have the weird brain that sees so much beauty in the world even though I've increasingly seen a lot of the darker sides of human nature. And most of all... To reflect on how lucky I am to have so much love in my life.

Alright, enough procrastinating, back to reading ğŸ¤£

PS:

If you want to get in touch with me for whatever reason as I'm traveling across India and other parts of the world (Middle East, Europe, US, etc):
https://lnkd.in/gCvMseBF

I'm still looking for world-class translators:
https://lnkd.in/e8rfDDi

To talk over a coffee:
https://lnkd.in/gVMUsCTM

To suggest a guest for podcast:
https://lnkd.in/gCTpk_cw

To ask questions for AMA:
https://lexfridman.com/ama";https://www.linkedin.com/posts/lexfridman_narendra-modi-is-one-of-the-most-fascinating-activity-7293721689073364992-z01Z?utm_source=share&utm_medium=member_desktop
https://www.linkedin.com/in/lexfridman/recent-activity/all/;Lex Fridman;Everyone should be in favor of transparent, efficient government. Seems obvious.;https://www.linkedin.com/posts/lexfridman_everyone-should-be-in-favor-of-transparent-activity-7293353192963158016-vkjr?utm_source=share&utm_medium=member_desktop
https://www.linkedin.com/in/lexfridman/recent-activity/all/;Lex Fridman;"Here's my 5-hour conversation with Dylan Patel and Nathan Lambert on DeepSeek, China, OpenAI, NVIDIA, xAI, Google, Anthropic, Meta, Microsoft, TSMC, Stargate, megacluster buildouts, RL, reasoning, and a lot of other topics at the cutting edge of AI. This was a mind-blowing, super-technical, and fun conversation.

Yes, we discuss r1 and o3-mini, but more importantly we look into the future of technology, geopolitics, and humanity in a world that stands on the precipice of a global AI revolution.";https://www.linkedin.com/posts/lexfridman_deepseek-china-openai-nvidia-xai-tsmc-activity-7291980511340568576-Q5bA?utm_source=share&utm_medium=member_desktop
https://www.linkedin.com/in/lexfridman/recent-activity/all/;Lex Fridman;"OpenAI o3-mini is a good model, but DeepSeek r1 is similar performance, still cheaper, and reveals its reasoning.

Better models will come (can't wait for o3pro), but the ""DeepSeek moment"" is real. I think it will still be remembered 5 years from now as a pivotal event in tech history, due in-part to the geopolitical implications but for many other reasons too.

All this discussed in 5 hour technical podcast I just recorded on the state of AI industry. Out tomorrow (hopefully).";https://www.linkedin.com/posts/lexfridman_openai-o3-mini-is-a-good-model-but-deepseek-activity-7291202550219911168-K3Cs?utm_source=share&utm_medium=member_desktop
https://www.linkedin.com/in/lexfridman/recent-activity/all/;Lex Fridman;"I'm looking to hire translators. Apply here: https://lnkd.in/e8rfDDi

Translation needed in the near-term are:
- Hindi to English
- Russian to English
- Chinese to English
- Spanish to English

Translation is an incredible art form, and one I take very seriously. I'm looking for truly world-class translators.

Btw, AI is not there yet. It can do the first pass well, and gets 95% there but then a great human translator is needed to improve the translation, to capture the depth, the context, the nuance, the emotion, the humor, the pain in the words. This is essential when doing conversations with world leaders about matters of war and peace.

Also, I am indeed traveling to India and other places in the world, and would love to meet or interview people! Please don't use the hiring link above for that. It's much better (higher likelihood of reaching me) to use the following:

To contact me (a bunch of options there):
https://lnkd.in/gCvMseBF

To talk over a coffee:
https://lnkd.in/gVMUsCTM

To suggest a guest for podcast:
https://lnkd.in/gCTpk_cw";https://www.linkedin.com/posts/lexfridman_im-looking-to-hire-translators-apply-here-activity-7290452510173999104-fkt8?utm_source=share&utm_medium=member_desktop
https://www.linkedin.com/in/lexfridman/recent-activity/all/;Lex Fridman;I'm doing a podcast on DeepSeek and the state of AI soon. Let me know if you have questions / topic suggestions.;https://www.linkedin.com/posts/lexfridman_im-doing-a-podcast-on-deepseek-and-the-state-activity-7290079884171743232-UmaJ?utm_source=share&utm_medium=member_desktop
https://www.linkedin.com/in/lexfridman/recent-activity/all/;Lex Fridman;"Feeling lonely. Just one of those nights. I'm sitting outside 7 eleven at 2am like old times, listening to music, trying to figure out what it's all about. Silly brain is stuck feeling low tonight, even though I know life is so fucking beautiful.

These nights make the happy ones that much sweeter. I wouldn't have it any other way. If you're feeling low, hang on, we're in this together.

Love you all â¤ï¸";https://www.linkedin.com/posts/lexfridman_feeling-lonely-just-one-of-those-nights-activity-7289555211726032896-5uZv?utm_source=share&utm_medium=member_desktop
https://www.linkedin.com/in/lexfridman/recent-activity/all/;Lex Fridman;Here's my 4-hour conversation with Marc Andreessen, where we discuss a positive vision for the future of America, given the many challenges we face. We talk about the state of the tech industry, the heated AI race, immigration, power & corruption in politics, and of course, most importantly, the critical role of humor and memes to the progress of human civilization.;https://www.linkedin.com/posts/lexfridman_marc-andreessen-trump-power-tech-ai-activity-7289385472139673602-LLbP?utm_source=share&utm_medium=member_desktop
https://www.linkedin.com/in/kristen-kehrer-datamovesme/recent-activity/all/;Kristen Kehrer;"I'm looking forward to speaking with Jason Krantz tomorrow about how to set yourself up for success as an analyst!

Tomorow, Feb 5th at 12 PM EST, we'll be getting Jason share on:

 - How to align your work with the business's most important goals.
 - The value of having a boss who understands data and why it matters.
 - Strategies to excel in environments where support might be lacking.
 - What it takes to stand out as an analyst in today's competitive landscape.

My conversation with Jason was so lively when we were discussing the topic, especially about the benefits of having a boss who understands data. I know this will be an excellent episode tomorrow.

You can register here: https://lnkd.in/ewiujAav

I look forward to a great discussion and Jason answering audience questions. :)

Maven Analytics";https://www.linkedin.com/posts/kristen-kehrer-datamovesme_im-looking-forward-to-speaking-with-jason-activity-7292549238905843713-1_jI?utm_source=share&utm_medium=member_desktop
https://www.linkedin.com/in/kristen-kehrer-datamovesme/recent-activity/all/;Kristen Kehrer;My ChatGPT password was compromised and the queries this person was writing are basically SQL, math, code, and research on being a middle-aged person in the workforce. If it wasn't for the fact that it's a stolen password, it almost feels like we'd have a lot in common in real life. Yes, I changed my password and I'm now using 2FA;https://www.linkedin.com/posts/kristen-kehrer-datamovesme_my-chatgpt-password-was-compromised-and-the-activity-7292182928757829633-TJCE?utm_source=share&utm_medium=member_desktop
https://www.linkedin.com/in/kristen-kehrer-datamovesme/recent-activity/all/;Kristen Kehrer;"This morning I read â€œThe Data Detective at The Carnivalâ€ as the mystery reader for my sonâ€™s first grade class. This data tale was written by Chandra Donelson and Jordan Morrow.

The kids LOVED it. There were so many questions afterwards. I had their intense attention the whole time. The teacher praised the book so much I let her keep my copy. I can always order another ğŸ™Œ.

I was a little nervous choosing a book about data to read to the class, but being able to hear the teacher talk about how it relates to the graphs theyâ€™ve been working on was music to my ears.

Another note - I sewed the hoodie Iâ€™m wearing myself, and Iâ€™m still proud of my work ğŸ¤£.

What an awesome start to my morning.

Technics Publications";https://www.linkedin.com/posts/kristen-kehrer-datamovesme_this-morning-i-read-the-data-detective-at-activity-7291104854368813056-Seu7?utm_source=share&utm_medium=member_desktop
https://www.linkedin.com/in/kristen-kehrer-datamovesme/recent-activity/all/;Kristen Kehrer;"I dreamt last night that I was on a flight with Elon. He was 3 rows ahead. 

We started chatting about generative machine learning, an announcement that ğŸ¦¾Jepson Taylor made yesterday/last night. I basically read Jepson's post at 3 am (in real life), commented some nonsense in my sleepy state, and then went back to bed. I've found that the 3 am wake-ups make for some of the best lucid dreams.

We discussed how GenML could impact MLE roles and potentially have more real impact than the more ""productivity"" and communication benefits we see from current GenAI. 

Then I asked Elon for a selfie, and he was more than happy to take one with me. (Don't worry. I feel dirty about how excited I was about a selfie for the sole purpose of sharing.) In the dream, the selfie was never saved to my camera. Womp womp. Maybe next time.

I'm not sure if it's time for a little break when I'm having GenML dreams. But I'm excited to hear more. I'm apparently ready for deep discussions in my dreams before actually having any information.";https://www.linkedin.com/posts/kristen-kehrer-datamovesme_i-dreamt-last-night-that-i-was-on-a-flight-activity-7290724627494895617-wpve?utm_source=share&utm_medium=member_desktop
https://www.linkedin.com/in/kristen-kehrer-datamovesme/recent-activity/all/;Kristen Kehrer;"I'm looking forward to speaking with Eric Sims tomorrow! I'll be asking him about some of the most interesting projects he's worked on in manufacturing, utilities, and finance. 

No matter what industry you're in, there are common themes in having to work closely and collaborate with product, sales, and developer teams to be successful. Eric is going to share his experience and how you can do this more effectively. 

It's always fun getting to chat with Eric and he has so much great information to share! 

I hope to see you there: https://lnkd.in/eeENY4gg";https://www.linkedin.com/posts/kristen-kehrer-datamovesme_im-looking-forward-to-speaking-with-eric-activity-7290362029754732544-dCk5?utm_source=share&utm_medium=member_desktop
https://www.linkedin.com/in/fei-fei-li-4541247/recent-activity/all/;Fei-Fei Li;"I am truly honored to have been invited to offer the opening keynote for the Paris AI Action Summit 
Ñ…ĞµÑˆÑ‚ĞµĞ³
#SommetActionIA, and looking forward to sharing in this momentous gathering with so many distinguished leaders of government and civil society, academia, industry, and the arts.
ğŸŒ Le Sommet pour lâ€™Action sur lâ€™IA sâ€™ouvre avec une invitÃ©e dâ€™exception !
 
Nous sommes ravis dâ€™accueillir le Dr Fei-Fei Li pour ouvrir le 
Ñ…ĞµÑˆÑ‚ĞµĞ³
#SommetActionIA au Grand Palais Ã  Paris ! Visionnaire et pionniÃ¨re, souvent surnommÃ©e la Â« marraine de lâ€™IA Â», elle faÃ§onne depuis des annÃ©es le futur de lâ€™intelligence artificielle en plaÃ§ant lâ€™humain au cÅ“ur de la technologie. 
 
Ã€ la tÃªte du Stanford Institute for Human-Centered Artificial Intelligence (HAI), elle Å“uvre pour une IA qui amÃ©liore les vies et rÃ©pond aux grands dÃ©fis de notre Ã©poque.
 
Ã€ lâ€™approche du Sommet, nous avons eu lâ€™opportunitÃ© dâ€™Ã©changer avec elle sur sa vision de lâ€™IA, ses attentes et le rÃ´le que la France peut jouer dans ce domaine stratÃ©gique.
 
ğŸ”¹ Â«Â Lâ€™intelligence artificielle, en rÃ©alitÃ©, nâ€™a rien dâ€™artificiel Â». Pour la chercheuse, son rÃ´le est de renforcer les capacitÃ©s humaines et rÃ©pondre aux grands dÃ©fis sociÃ©taux. 
 
ğŸ”¹ Â« Jâ€™aime le fait que le Sommet soit tournÃ© vers lâ€™action. Lâ€™emploi du mot Â« action Â» montre bien la vitesse Ã  laquelle lâ€™IA progresse, et le fait quâ€™il est urgent de passer, dans les dÃ©bats, de la thÃ©orie Ã  la pratique Â». 
 
ğŸ”¹ Â« La France est un acteur majeur de la recherche sur lâ€™IA Â». Fei-Fei Li prÃ©cise que par ses pÃ´les dâ€™IA dâ€™envergure internationale et ses institutions de premier ordre, la ğŸ‡«ğŸ‡· contribue Ã  former la prochaine gÃ©nÃ©ration de chefs de file du secteur.
 
Le Sommet pour lâ€™action sur lâ€™IA au GrandPalaisRmn sera un moment clÃ© pour fÃ©dÃ©rer les efforts mondiaux autour dâ€™une IA innovante et Ã©thique. Rendez-vous sur nos rÃ©seaux sociaux pour suivre cet Ã©lan !
 

Ñ…ĞµÑˆÑ‚ĞµĞ³
#AIActionSummit 
Ñ…ĞµÑˆÑ‚ĞµĞ³
#francediplo";https://www.linkedin.com/posts/fei-fei-li-4541247_sommetactionia-aiactionsummit-francediplo-activity-7294118959237214208-8KGx?utm_source=share&utm_medium=member_desktop
https://www.linkedin.com/in/fei-fei-li-4541247/recent-activity/all/;Fei-Fei Li;"Thank you Anne Bouverot, Iâ€™m so excited and honored to participate in the Paris AI Action Summit next week alongside so many of the brightest minds gathering to address the important questions around this next chapter of AI!
She is called the ""godmother of 
Ñ…ĞµÑˆÑ‚ĞµĞ³
#AI"" and will open the 
Ñ…ĞµÑˆÑ‚ĞµĞ³
#AIActionSummit in Paris at the Grand Palais on February 10th ğŸ¤© 
During our chat, computer scientist Fei-Fei Li gave me a hint about where her opening speech will take us ğŸ‘€ !

Stanford Institute for Human-Centered Artificial Intelligence (HAI)
Roxanne VARZA Martin TisnÃ© Sana de Courcelles Guillaume Poupard Henri Verdier Chloe Goupille Morgane Le Poul Arno Amabile Arthur Barichard Constance Mickiewicz
Jean-NoÃ«l Barrot Clara Chappaz Philippe Baptiste
Ombeline Gras Matthieu Landon Claire Vernet-Garnier Victor Duchemin MÃ©lodine ALLAIRE Mathilde TeissonniÃ¨re";https://www.linkedin.com/posts/fei-fei-li-4541247_ai-aiactionsummit-activity-7292332177436950528-m_1B?utm_source=share&utm_medium=member_desktop
https://www.linkedin.com/in/fei-fei-li-4541247/recent-activity/all/;Andreessen Horowitz;"We've known World Labs cofounder Fei-Fei Li for nearly two decades. She was joining Stanford as a new professor while a16zâ€™s Martin Casado was just leaving to do his own startup. And she has advised the firm on AI many times in the past.

Now, we are thrilled to partner with her and co-founders Justin Johnson, Christoph Lassner, Ben Mildenhall and the world-class team at World Labs, with our latest investment.

Alongside language, there has been a â€œpixelâ€ revolution in generative AI, allowing us to create images and videos from text descriptions of what we want to see. Unlike language models, these generated images are reflections of the physical world. 

But while these sorts of models are tremendously useful for creating images and videos, none are quite as general as LLMs are for language. For example, none can create a true 3D representation of a world you can walk through, interact with, and build upon â€” something that isnâ€™t just confined to a screen, but an actual representation of the real world (or perhaps a generated virtual world), that sits within a computer, and allows for reasoning about physics and cause-and-effect.

It is this problem that brings us to World Labs.

At this point, the company is deep at work pushing the frontiers of the spatial intelligence problem. Theyâ€™re building a foundation model that can generate 3D interactive worlds which are the basis for spatial reasoning.

We are honored to be part of it.

More from Martin Casado and Sarah Wang: https://lnkd.in/edFYq-Fp";https://www.linkedin.com/posts/a16z_weve-known-world-labs-cofounder-fei-fei-activity-7240383805499351040-qgpL?utm_source=share&utm_medium=member_desktop
https://www.linkedin.com/in/fei-fei-li-4541247/recent-activity/all/;Fei-Fei Li;"What is a really really hard problem to work on in 
Ñ…ĞµÑˆÑ‚ĞµĞ³
#AI? My own answer is Spatial Intelligence - a technology that could empower and enable countless possible use cases in creation, design, learning, AR/VR, robotics, and beyond. Itâ€™s a real honor that my cofounders Justin Johnson Christoph Lassner Ben Mildenhall and I are joined by a formidable team of world class pixel talents to start World Labs to work on this super hard problem that took Mother Nature half a billion years to solve.
Today we are announcing the formation of World Labs, a spatial intelligence company building Large World Models (LWMs) to perceive, generate, and interact with the 3D world. We aim to lift AI models from the 2D plane of pixels to full 3D worlds â€“ both virtual and real â€“ endowing them with spatial intelligence as rich as our own. Human spatial intelligence evolved over millennia; but in this time of extraordinary progress, we see the opportunity to imbue AI with this ability in the near term.

World Labs was founded by visionary AI pioneer Fei-Fei Li along with Justin Johnson, Christoph Lassner, and Ben Mildenhall; each a world-renowned technologist in computer vision and graphics. We are bringing together the most formidable slate of pixel talent ever assembled â€“ from AI research to systems engineering to product design â€“ and we are hiring.

Click to read a blog post about our vision for how spatial intelligence will propel forward individuals and humanity as a whole. Thank you to everyone who has supported us thus far, and we hope you'll follow along in our journey. https://lnkd.in/eqy_9dMX";https://www.linkedin.com/posts/fei-fei-li-4541247_today-we-are-announcing-the-formation-of-activity-7240377830331576322-0d8J?utm_source=share&utm_medium=member_desktop
https://www.linkedin.com/in/fei-fei-li-4541247/recent-activity/all/;Fei-Fei Li;Itâ€™s here! Looking forward to digging into the 2024 AI Index, which shows AIâ€™s major advances, trends in investments and education, the regulatory landscape, and so much more (and at 500 pages, Iâ€™m serious about the â€œmoreâ€!). https://lnkd.in/ggDweGam;https://www.linkedin.com/posts/fei-fei-li-4541247_its-here-looking-forward-to-digging-into-activity-7185758204331528192-6Kkg?utm_source=share&utm_medium=member_desktop
https://www.linkedin.com/in/rowancheung/recent-activity/all/;Rowan Cheung;"NEW: Google just released Gemini 2.0 Pro experimental â€” the company's most advanced AI model yet. 

2.0 Pro Experimental features include:

â€” a massive 2M token context window
â€” the ability to use tools like Google Search and code execution 
â€” Upgrades in reasoning, coding, and complex tasks over 1.5 Pro

On the reasoning front, 2.0 Flash Thinking Experimental also goes live in the Gemini app â€” which currently sits atop the LM Arena's model leaderboard. 

Google is also launching a separate version of Flash Thinking that can interact directly with apps like YouTube, Search, and Maps.

Additionally, some smaller, faster 2.0 options are now available: Flash and Flash-Lite.

The major AI labs continue to ship, and the time between releases is only getting shorter.";https://www.linkedin.com/posts/rowancheung_new-google-just-released-gemini-20-pro-activity-7292936785062412288-sTat?utm_source=share&utm_medium=member_desktop
https://www.linkedin.com/in/rowancheung/recent-activity/all/;Rowan Cheung;"NEWS: DeepSeek just dropped ANOTHER open-source AI model, Janus-Pro-7B.

It's multimodal (can generate images) and beats OpenAI's DALL-E 3 and Stable Diffusion across GenEval and DPG-Bench benchmarks.

This comes on top of all the R1 hype. The ğŸ‹ is not stopping.";https://www.linkedin.com/posts/rowancheung_news-deepseek-just-dropped-another-open-source-activity-7289683914569224192-Inrb?utm_source=share&utm_medium=member_desktop
https://www.linkedin.com/in/rowancheung/recent-activity/all/;Rowan Cheung;"BREAKING: OpenAI just launched ChatGPT Operator, aÂ new AI agent that can autonomously take action across the web on your behalf.

I got early access, and here are 9 impressive use cases I found:

1. Ordering dinner ingredients to my house based on a picture and a recipe (video attached)

2. Planning a weekend trip based on hidden gems, my budget and interests. At 0:06, ChatGPT Operator was blocked from Reddit but then decided to just do a Bing search with ""Reddit"" at the end: https://lnkd.in/gqqDCGV3

3. Crypto investment research based on tokens that are actually worth looking into. ChatGPT Operator got hit with a ""Are you human"" CAPTCHA, then pinged me to take control to confirm: https://lnkd.in/gtfpZV99

4. Booking a one-way flight from Zurich to Vienna using the Booking integration: https://lnkd.in/gZypshPg

5. Scheduling an appointment with my barber after looking at my Google Calendar schedule/availability: https://lnkd.in/gTVNnmgz

6. Researching a good birthday gift for my mom based on what she likes and finding the best deals for those items across the internet: https://lnkd.in/gTJXZvHg

7. Booking a one-time house cleaner for my home through the Thumbtack integration based on my budget: https://lnkd.in/gQAMx6WX

8. Finding the best/cheapest health insurance coverage in Switzerland (an interesting one since most prices are not publicly available and gated behind a meeting): https://lnkd.in/gh3WDq26

9. Finding a top-rated dog walker in Vancouver BC and presenting me with 3 top options: https://lnkd.in/gQNpgKgY

Overall, I was very impressed by the research preview of Operator.

I loved that it can do tasks for me as I do other work, and simply ping me when it needs me to ""take over"". I also really enjoyed the saved tasks tab, and adding Custom Instructions for specific websites.

But it's important to note that Operator is still a research preview and is improving.

I found that:

-Quite a few sites were blocked after they detected the AI
-There's a limited set of partner integrations
-It's true purpose is to take actions across the web

Operator *operates* within ChatGPT, but it's a completely different tool.

Its output lengths are small, and its true purpose is to take actions across the web (typing, clicking, scrolling). Meaning it's not like ChatGPT, which can produce essays and write long code.

The future of tech work is here. And personally, I'm incredibly excited about it.

Agents can do the boring work, so I can spend more time doing what I love.

I'll be publicly sharing all the ways I automate my work with agents, so follow me Rowan Cheung and join my newsletter The Rundown AI for more.";https://www.linkedin.com/posts/rowancheung_breaking-openai-just-launched-chatgpt-operator-activity-7288257606744190977-eThB?utm_source=share&utm_medium=member_desktop
https://www.linkedin.com/in/rowancheung/recent-activity/all/;Christoph Aeschlimann;"Helping 1 billion people becoming 10% more productive with AI tools - thatâ€™s the bold vision of Rowan Cheung, founder of the largest AI news site The Rundown AI. 

Today we discussed how we can work together to educate not only people working at Swisscom, but also generate impact for the general population in Switzerland. 

Swisscom provides many online courses in digital to the general public and I believe it is important for a countryâ€™s future competitiveness that people also learn about AI and how to use it. 

What do you think is important? 


Ñ…ĞµÑˆÑ‚ĞµĞ³
#ai 
Ñ…ĞµÑˆÑ‚ĞµĞ³
#switzerland";https://www.linkedin.com/posts/christoph-aeschlimann_ai-switzerland-activity-7285711326264360960-0CLB?utm_source=share&utm_medium=member_desktop
https://www.linkedin.com/in/rowancheung/recent-activity/all/;Nick Pope, CFE;"Excited to share an upcoming The Rundown AI University workshop that's perfect for anyone looking to level up their brand's visual game!

Join us this Wednesday as we welcome SofÃ­a LÃ³pez, Lead Manager of AI Growth at Freepik, for a deep dive into creating consistent, custom visual styles using AI.

What makes this workshop special:
 - Get hands-on with LoRAs in GenAI (game-changer for custom visual styles!)
 - Learn to create Character & Style LoRAs for perfectly tailored outputs
 - Master the secret sauce of high-quality datasets for professional results

ğŸ—“ï¸ This Wednesday, Jan 15 
â° 2:00 PM - 3:00 PM EST 
ğŸ“ Virtual

Whether you're a designer, marketer, or creative professional, you'll walk away with practical techniques to ensure your brand's visual consistency.

Workshop link in comments ğŸ‘‡ 


Ñ…ĞµÑˆÑ‚ĞµĞ³
#AIDesign 
Ñ…ĞµÑˆÑ‚ĞµĞ³
#BrandConsistency 
Ñ…ĞµÑˆÑ‚ĞµĞ³
#CreativeTech 
Ñ…ĞµÑˆÑ‚ĞµĞ³
#VisualDesign 
Ñ…ĞµÑˆÑ‚ĞµĞ³
#Freepik 
Ñ…ĞµÑˆÑ‚ĞµĞ³
#GenerativeAI";https://www.linkedin.com/posts/nickwpope_aidesign-brandconsistency-creativetech-activity-7285024524461342722-Da7M?utm_source=share&utm_medium=member_desktop
https://www.linkedin.com/in/andrewyng/recent-activity/all/;Andrew Ng;"A â€œ10x engineerâ€ â€” a widely accepted concept in tech â€” purportedly has 10 times the impact of the average engineer. But we donâ€™t seem to talk about 10x marketers, 10x recruiters, or 10x financial analysts. As more jobs become AI enabled, I think this will change, and there will be a lot more â€œ10x professionals.â€

There arenâ€™t already more 10x professionals because, in many roles, the gap between the best and the average worker has a ceiling. No matter how athletic a supermarket checkout clerk is, theyâ€™re not likely to scan groceries so fast that customers get out of the store 10x faster. Similarly, even the best doctor is unlikely to make patients heal 10x faster than an average one (but to a sick patient, even a small difference is worth a lot). In many jobs, the laws of physics place a limit on what any human or AI can do (unless we completely reimagine that job).

But for many jobs that primarily involve applying knowledge or processing information, AI will be transformative. In a few roles, Iâ€™m starting to see tech-savvy individuals coordinate a suite of technology tools to do things differently and start to have, if not yet 10x impact, then easily 2x impact. I expect this gap to grow.

10x engineers donâ€™t write code 10 times faster. Instead, they make technical architecture decisions that result in dramatically better downstream impact, they spot problems and prioritize tasks more effectively, and instead of rewriting 10,000 lines of code (or labeling 10,000 training examples) they might figure out how to write just 100 lines (or collect 100 examples) to get the job done.

I think 10x marketers, recruiters, and analysts will, similarly, do things differently. For example, perhaps traditional marketers repeatedly write social media posts. 10x marketers might use AI to help write, but the transformation will go deeper than that. If they are deeply sophisticated in how to apply AI â€” ideally able to write code themselves to test ideas, automate tasks, or analyze data â€” they might end up running a lot more experiments, get better insights about what customers want, and generate much more precise or personalized messages than a traditional marketer, and thereby end up making 10x impact.

Similarly, 10x recruiters wonâ€™t just use generative AI to help write emails to candidates or summarize interviews. (This level of use of prompting-based AI will soon become table stakes for many knowledge roles.) They might coordinate a suite of AI tools to identify and carry out research on a large set of candidates, enabling them to have dramatically greater impact than the average recruiter. And 10x analysts wonâ€™t just use generative AI to edit their reports. They might write code to orchestrate a suite of AI agents to do deep research into the products, markets, and companies, and thereby derive far more valuable conclusions than someone who does research the traditional way.

[At length limit; full text: https://lnkd.in/g7tB5rKZ ]";https://www.linkedin.com/posts/andrewyng_a-10x-engineer-a-widely-accepted-concept-activity-7293685385631539201-GvfA?utm_source=share&utm_medium=member_desktop
https://www.linkedin.com/in/andrewyng/recent-activity/all/;Andrew Ng;"Introducing Agentic Object Detection!

Given a text prompt like â€œunripe strawberriesâ€ or â€œKelloggâ€™s branded cerealâ€ and an image, we use an agentic workflow to reason at length and detect the specified objects. No need to label any training data. Watch the video for details. 

Or play with the demo here: https://lnkd.in/g5-PGvZH";https://www.linkedin.com/posts/andrewyng_introducing-agentic-object-detection-given-activity-7293302466249441280-GxAl?utm_source=share&utm_medium=member_desktop
https://www.linkedin.com/in/andrewyng/recent-activity/all/;Andrew Ng;"Announcing How Transformer LLMs Work, created with Jay Alammar and Maarten Grootendorst, co-authors of the beautifully illustrated book, â€œHands-On Large Language Models.â€

This course offers a deep dive into the inner workings of the transformer architecture that powers large language models (LLMs).

The transformer architecture revolutionized generative AI; in fact, the ""GPT"" in ChatGPT stands for ""Generative Pre-Trained Transformer."" Originally introduced in the Google Brain team's groundbreaking 2017 paper ""Attention Is All You Need,"" by Vaswani and others, transformers were a highly scalable model for machine translation tasks. Variants of this architecture now power todayâ€™s LLMs such as those from OpenAI, Google, Meta, Cohere, Anthropic and DeepSeek.

In this course, youâ€™ll learn in detail how LLMs process text. You'll also work through code examples that illustrate that transformer's individual components.

In details, youâ€™ll learn:
- How the representation of language has evolved, from Bag-of-Words to Word2Vec embeddings to the transformer architecture that captures a word's meanings taking into account the context of other words in the input.
- How inputs are broken down into tokens before they are sent to the language model.
- The details of a transformer's main stages: Tokenization and embedding, the stack of transformer blocks, and the language model head.
- The inner workings of the transformer block, including attention, which calculates relevance scores, and the feedforward layer, which incorporates stored information learned in training.
- How cached calculations make transformers faster.
- Some of the most recent ideas in the latest models such as Mixture-of-Experts (MoE) which uses multiple sub-models and a router on each layer to improve the quality of LLMs.

By the end of this course, youâ€™ll have a deep understanding of how LLMs actually process text and be able to read through papers describing the latest models and understand the details.

Gaining this intuition will improve your approach to building LLM applications.

Please sign up here: https://lnkd.in/g3hfFgyb";https://www.linkedin.com/posts/andrewyng_announcing-how-transformer-llms-work-created-activity-7292951112255447040-2Aox?utm_source=share&utm_medium=member_desktop
https://www.linkedin.com/in/andrewyng/recent-activity/all/;Andrew Ng;Thank you NYSE for highlighting Coursera on your trading floor to help us celebrate Greg Hart joining as our CEO! ğŸ‰;https://www.linkedin.com/posts/andrewyng_thank-you-nyse-for-highlighting-coursera-activity-7292636553711865858-L6Yj?utm_source=share&utm_medium=member_desktop
https://www.linkedin.com/in/andrewyng/recent-activity/all/;Andrew Ng;"Announcing AI Dev 25: A conference for AI developers, this Pi day (3/14/2025)!

There're great AI academic conferences for researchers (NeurIPS, ICLR, ICML, etc.) and some companies hold great meetings around their products (Google I/O, OpenAI DevDay, etc.). But we need more vendor-neutral meetings for AI developers, so I decided to organize this. 

This is a technical meeting, and we'll have >400 developers gathering in-person in San Francisco to build, share ideas, and network.

This will be fun!";https://www.linkedin.com/posts/andrewyng_ai-dev-25-activity-7292599618180169728-730F?utm_source=share&utm_medium=member_desktop
https://www.linkedin.com/in/sajibism/recent-activity/all/;Md Sajib Shaikh;"1.5 Billion people use Microsoft Windows.

But 91% of them use their PC/Laptop like a FOOL!

Here are 7 Windows Tricks You Must Try: â¤µï¸

---

ğŸ ğ—•ğ—¢ğ—¡ğ—¨ğ—¦ ğŸ

âœ³ï¸ Meco App:

Meco is a distraction-free app for reading newsletters outside the inbox. The app is packed with incredible features.

With Meco, you can enjoy your newsletters in an app built for reading, while giving your inbox space to breathe.

ğŸ”— https://lnkd.in/gNdXgE2X

---

#1 Virtual Desktops:

To create new desktops: Press Windows Key + Tab to open Task View, then select ""+ New Desktop""

---

#2 God Mode:

Create a new folder anywhere on your computer. Name the folder: GodMode.{ED7BA470-8E54-465E-825C-99712043E01C}

This folder will consolidate tons of Windows settings into a single, easily navigable interface.

---

#3 Snap Windows:

To snap two windows side-by-side:

Drag a window title bar to either edge of your screen until you see a layout preview, then release. Repeat with another window on the other side.

---

#4 Shake to Minimize:

Grab the title bar of the window you want to keep open. Give it a quick shake back and forth. All other open windows will be minimized.

---

#5 Emoji Panel:

Press Windows Key + . (period) to access a pop-up panel for emojis, GIFs, and symbols.

---

#6 Secret Start Menu:

Press Windows Key + X to open a hidden quick-access menu with links to many system tools (Device Manager, Task Manager, Settings, etc.)

---

#7 Clipboard History:

Press Windows Key + V to see a history of items you've copied. You can choose older items to paste or pin frequently used clips.

---

Follow Md Sajib Shaikh for useful content.

---

âœ³ï¸ Do Like and Comment to share your thoughts

ğŸ” Repost to share with your networks

---

ğŸ›‘ ğ—ªğ—”ğ—œğ—§ âœ‹

20,000+ AI enthusiasts read â€˜ğ—œğ—»ğ—°ğ—¿ğ—²ğ—±ğ—¶ğ—¯ğ—¹ğ—² ğ—”ğ—œâ€™ daily.

Subscribe now and receive (100% FREE): â¤µï¸

â€¢ ChatGPT Power Course
â€¢ 4000+ Prompts

Join from here ğŸ‘‰ https://incredibleai.net";https://www.linkedin.com/posts/sajibism_15-billion-people-use-microsoft-windows-activity-7293937485502394368-6s-x?utm_source=share&utm_medium=member_desktop
https://www.linkedin.com/in/sajibism/recent-activity/all/;Md Sajib Shaikh;"Most people only search for jobs on LinkedIn.

Thatâ€™s a huge mistake.

There are dozens of better platforms that can help you land high-paying remote jobs.

Here are 15 websites that pay in USD for remote work: â¤µï¸

---

ğŸ ğ—•ğ—¢ğ—¡ğ—¨ğ—¦ ğŸ

âœ³ï¸ Meco App:

Meco is a distraction-free app for reading newsletters outside the inbox. The app is packed with incredible features. With Meco, you can enjoy your newsletters in an app built for reading.

ğŸ”— https://lnkd.in/gNdXgE2X

---

1. We Work Remotely

- Largest remote work community with 4.5M+ visitors 
- Offers a wide range of remote job opportunities 
- Link: https://weworkremotely.com 

2. Hubstaff Talent

- Free resource for companies looking for remote talent
- Connects businesses with freelancers and agencies worldwide
- Link: https://hubstafftalent.net

3. Wellfound

- Connects job seekers with startups 
- 130K+ tech jobs from 27K companies 
- Link: https://wellfound.com/ 

4. Remotive

- Curates active, fully remote tech jobs 
- Trusted by top global tech companies 
- Link: https://remotive.io/ 

5. WorkWave

- Remote job listings for various industries 
- Known for flexible work opportunities 
- Link: https://www.workwave.com/ 

6. AI Jobs

- Focuses on AI-related remote job listings 
- Features top 1% of AI companies 
- Link: https://theaijobboard.com 

7. Remote Woman

- Remote job board tailored for women 
- Promotes flexibility and career growth 
- Link: https://remotewoman.com/ 

8. Toptal

- Exclusive network for top freelancers 
- Covers software development, design, finance & more 
- Link: https://www.toptal.com/ 

9. FlexJobs

- Find remote jobs globally or near you 
- Offers career coaching and resume help 
- Link: https://www.flexjobs.com/ 

10. JS Remotely

- Specializes in JavaScript-related remote jobs 
- Includes React, Vue, Node.js, and Angular roles 
- Link: https://jsremotely.com/ 

11. RemoteOK

- Aggregates remote jobs from across industries 
- Allows filtering jobs by category and salary 
- Link: https://remoteok.com/ 

12. Working Nomads

- Remote jobs tailored for digital nomads 
- Handpicks opportunities across industries 
- Link: https://lnkd.in/gY74eP7k

13. JustRemote

- Jobs that fit your lifestyle 
- Offers fully and partially remote options 
- Link: https://justremote.co/ 

14. Remote.co

- Hand-curated list of remote jobs 
- Features 146+ remote-first companies 
- Link: https://remote.co/ 

15. Remote Circle

- Helps find remote jobs in your timezone 
- Covers a variety of industries and roles 
- Link: https://remotecircle.com/ 

---

Follow Md Sajib Shaikh for more resourceful content.

---

âœ³ï¸ Do Like and Comment to share your thoughts

ğŸ” Repost to share with your networks

---

ğŸ›‘ ğ—ªğ—”ğ—œğ—§ âœ‹

20,000+ AI enthusiasts read â€˜ğ—œğ—»ğ—°ğ—¿ğ—²ğ—±ğ—¶ğ—¯ğ—¹ğ—² ğ—”ğ—œâ€™ daily.

Subscribe now and receive (100% FREE): â¤µï¸

â€¢ ChatGPT Power Course
â€¢ 4000+ Prompts

Join from here ğŸ‘‰ https://incredibleai.net";https://www.linkedin.com/posts/sajibism_most-people-only-search-for-jobs-on-linkedin-activity-7293571403977498624-4X3z?utm_source=share&utm_medium=member_desktop
https://www.linkedin.com/in/sajibism/recent-activity/all/;Md Sajib Shaikh;"I donâ€™t understand why people donâ€™t use ğ—”ğ—œ ğ—³ğ—¼ğ—¿ ğ—·ğ—¼ğ—¯ ğ—¶ğ—»ğ˜ğ—²ğ—¿ğ˜ƒğ—¶ğ—²ğ˜„ğ˜€!

Copy and Paste these prompts and nail your next Job Interview: ğŸ‘‡

---

ğŸ ğ—•ğ—¢ğ—¡ğ—¨ğ—¦ ğŸ

âœ³ï¸ Meco App:

Meco is a distraction-free app for reading newsletters outside the inbox. The app is packed with incredible features.

ğŸ”— https://lnkd.in/gNdXgE2X

---

Prompt:

[Can you provide me with some common job interview tips?]

---

Prompt:

[What are the key things I should research about the company before an interview?]

---

Prompt:

[Can you help me create an effective elevator pitch for myself?]

---

Prompt:

[What is the best way to answer the â€˜Tell me about yourselfâ€™ question?]

---

Prompt:

[How can I prepare for a behavioral interview?]

---

Prompt:

[Give me some examples of common behavioral interview questions.]

---

Prompt:

[What are some strategies for answering situational interview questions?]

---

Prompt:

[How should I answer the â€˜What is your greatest weakness?â€™ question?]

---

Prompt:

[Whatâ€™s a good response to the â€˜Why should we hire you?â€™ question?]

---

Prompt:

[How can I handle the â€˜Where do you see yourself in 5 years?â€™ question?]

---

Prompt:

[Tell me about the STAR method for answering behavioral questions.]

---

Prompt:

[What are some good questions to ask the interviewer at the end of the interview?]

---

Prompt:

[How should I dress for a job interview?]

---

Prompt:

[What is the best way to handle a panel interview?]

---

Prompt:

[Can you give me some tips for a successful phone interview?]

---

Prompt:

[Whatâ€™s the best way to prepare for a video interview?]

---

Prompt:

[How can I show enthusiasm and interest during the interview?]

---

Prompt:

[What is the importance of body language in interviews?]

---

Prompt:

[How can I use the â€˜CARâ€™ method to answer behavioral interview questions?]

---

Prompt:

[Whatâ€™s a good strategy for dealing with a technical interview?]

---

Prompt:

[How can I effectively demonstrate my problem-solving skills in an interview?]

---

Prompt:

[What are some good ways to handle a case interview?]

---

Prompt:

[What should I include in my thank-you email after the interview?]

---

Prompt:

[Can you help me craft a compelling resume for my job application?]

---

Prompt:

[How do I tailor my resume to a specific job posting?]

---

Prompt:

[What are some effective ways to improve my LinkedIn profile for job searching?]

---

Prompt:

[Whatâ€™s the importance of a cover letter, and how can I write a strong one?]

---

Prompt:

[Can you provide tips on how to prepare for a group interview?]

---

Prompt:

[How do I prepare for a second-round interview?]

---

Prompt:

[What are some common red flags to watch for during an interview?]

---

ğŸ›‘ ğ—ªğ—”ğ—œğ—§ âœ‹

20,000+ AI enthusiasts read â€˜ğ—œğ—»ğ—°ğ—¿ğ—²ğ—±ğ—¶ğ—¯ğ—¹ğ—² ğ—”ğ—œâ€™ daily.

Subscribe now and receive (100% FREE): â¤µï¸

â€¢ ChatGPT Power Course
â€¢ 4000+ Prompts

Join from here ğŸ‘‰ https://incredibleai.net";https://www.linkedin.com/posts/sajibism_i-dont-understand-why-people-dont-use-%F0%9D%97%94%F0%9D%97%9C-activity-7293233203144728577-lcB_?utm_source=share&utm_medium=member_desktop
https://www.linkedin.com/in/sajibism/recent-activity/all/;Md Sajib Shaikh;"What if networking and introductions could be automated?

Meet Boardy - an AI networking partner who makes introductions to investors, founders, recruiters, executives, operators, and anyone else that you would like to meet.

Boardy just raised an $8M seed round from VC firm Creandum - the guys behind Spotify, Klarna, Depop - and built a network of over 25,000 incredible individuals to connect with.

No forms, fees, or signups are required. All you do is: ğŸ‘‡ğŸ»

1. Send Boardy a DM on Linked
2. He will call you immediately
3. After the call, he will introduce you to someone he thinks you should meet!

In the past 6 months alone, Boardy has already: â¤µï¸

â€¢ Helped 3 founders raise over $1M
â€¢ Introduced a CEO to his new CTO
â€¢ Raised $8M for himself
â€¢ Connected grad students to full-time positions
â€¢ Sourced a $60k software deal
â€¢ Brought together countless business partners
â€¢ And much moreâ€¦

Youâ€™re always one introduction away from changing your life and your business in ways you canâ€™t imagineâ€¦

Send https://www.boardy.ai a DM and see what he can do for you.

---

Follow Md Sajib Shaikh for more helpful content.

---

âœ³ï¸ Do Like and Comment to share your thoughts

ğŸ” Repost to share with your networks

---

ğŸ›‘ ğ—ªğ—”ğ—œğ—§ âœ‹

20,000+ AI enthusiasts read â€˜Incredible AIâ€™ daily.

Subscribe now and receive (100% FREE): â¤µï¸

â€¢ ChatGPT Power Course
â€¢ 4000+ Prompts

Join from here ğŸ‘‰ https://incredibleai.net";https://www.linkedin.com/posts/sajibism_what-if-networking-and-introductions-could-activity-7292847790718652417-vsCt?utm_source=share&utm_medium=member_desktop
https://www.linkedin.com/in/sajibism/recent-activity/all/;Md Sajib Shaikh;"After 1.5 years of using ğ—–ğ—µğ—®ğ˜ğ—šğ—£ğ—§, I can say that it is the technology that has ğ—¿ğ—²ğ˜ƒğ—¼ğ—¹ğ˜‚ğ˜ğ—¶ğ—¼ğ—»ğ—¶ğ˜‡ğ—²ğ—± my life the most, along with the Internet.

So, here are 10 ğ—½ğ—¿ğ—¼ğ—ºğ—½ğ˜ğ˜€ that have ğ˜ğ—¿ğ—®ğ—»ğ˜€ğ—³ğ—¼ğ—¿ğ—ºğ—²ğ—± my day-to-day ğ—¹ğ—¶ğ—³ğ—² and that could do the same for you: â¤µï¸

---

ğŸ ğ—•ğ—¢ğ—¡ğ—¨ğ—¦ ğŸ

âœ³ï¸ Meco App:

Meco is a distraction-free app for reading newsletters outside the inbox. The app is packed with incredible features. With Meco, you can enjoy your newsletters in an app built for reading.

ğŸ”— https://lnkd.in/gNdXgE2X

---

Improve your problem-solving abilities:

Prompt: ""Your job is to solve problems. Give me a step-by-step guide to solve this problem: [insert].""

---

Summarise complex texts:

Prompt: â€œI need to read a complicated article related to (topic). Can you help me summarise the key points and takeaways from the text?â€

---

Connect with others:

Prompt: â€œConnect me with a community of learners and experts in (topic). How can I join a forum, social media group or other online community to share my knowledge and learn from others?â€

---

Write a Launch Speech using AI:

Prompt: â€œWrite a launch speech for [product/business] that highlights the values of the [company or niche], and addresses a widespread problem or mistake.

Product = [Insert yours]â€

---

Respond to emails in a professional manner:

Prompt: â€œAs a customer service representative, you are tasked with handling a case involving [PROBLEM]. You must write an email responding to that problem, no more than [NUMBER OF WORDS] words long, offering the customer [SOLUTION].â€

---

Personalize your writing style:

Prompt: â€œAnalyze the writing style of the text provided below:
[TEXT]
Now write an essay of [NUMBER OF WORDS] words on [SPECIFIC TOPIC]. You do not have to mention anything related to the previous text, it is simply provided to elicit a response that imitates the tone, structure, and vocabulary. Answer me only with the requested essay.â€

---

Generate new ideas:

Prompt: â€œI need fresh ideas for [TOPIC]. Describe at least 5 innovative and practical ideas that can be implemented. Briefly explain the potential of each idea and how it could be developed to maximize its impact and viability. Don't be too long-winded.â€

---

Social Media Content Strategy:

Prompt: â€œCreate a social media content strategy for [social media handles] for [time period] to attract [target audience].â€

---

Follow Md Sajib Shaikh for more useful AI content.

---

âœ³ï¸ Do Like and Comment to share your thoughts

ğŸ” Repost to share with your networks

---

ğŸ›‘ ğ—ªğ—”ğ—œğ—§ âœ‹

20,000+ AI enthusiasts read â€˜Incredible AIâ€™ daily.

Subscribe now and receive (100% FREE): â¤µï¸

â€¢ ChatGPT Power Course
â€¢ 4000+ Prompts

Join from here ğŸ‘‰ https://incredibleai.net";https://www.linkedin.com/posts/sajibism_after-15-years-of-using-%F0%9D%97%96%F0%9D%97%B5%F0%9D%97%AE%F0%9D%98%81%F0%9D%97%9A%F0%9D%97%A3%F0%9D%97%A7-activity-7292511025948475393-ghan?utm_source=share&utm_medium=member_desktop
